{
    "C": [
        0.52296,
        0.35538,
        0.20172,
        0.52648,
        0.31601
    ],
    "CI": [
        0.04591999999999996,
        0.19422499999962028,
        0.1597052631578114,
        0.052959999999999896,
        0.14501249999959714
    ],
    "CR": [
        1.0,
        1.0,
        1.0,
        1.0,
        1.0
    ],
    "PC": [
        "0.52",
        "0.36",
        "0.2",
        "0.53",
        "0.32"
    ],
    "PCI": [
        "0.046",
        "0.19",
        "0.16",
        "0.053",
        "0.15"
    ],
    "PCR": [
        "1.0",
        "1.0",
        "1.0",
        "1.0",
        "1.0"
    ],
    "SD": [
        1.5,
        1.5,
        1.5,
        2.25,
        2.25
    ],
    "attackType": [
        "diffAttackLed",
        "diffAttackLed",
        "diffAttackLed",
        "diffAttackLed",
        "diffAttackLed"
    ],
    "claimThresh": [
        0,
        0,
        0,
        0,
        0
    ],
    "numIsolated": [
        3,
        3,
        3,
        3,
        3
    ],
    "numSamples": [
        1,
        1,
        1,
        1,
        1
    ],
    "numUnknownVals": [
        2,
        5,
        20,
        2,
        5
    ],
    "round": [
        0,
        0,
        0,
        0,
        0
    ]
}