{
    "CI": [
        0.29366000000000003,
        0.21958749999963229,
        0.11207368421043822,
        0.20096000000000003,
        0.1647499999996064,
        0.0842526315788565,
        0.15671999999999997,
        0.13634999999959307,
        0.07392631578938182,
        0.9693623085144283,
        0.9516412661195781,
        1.0,
        0.969270166453265,
        0.950657894736842,
        0.9789473684210526,
        0.9633286318758816,
        0.9588815789473684,
        0.9578947368421052
    ],
    "CR": [
        1.0,
        1.0,
        1.0,
        1.0,
        1.0,
        1.0,
        1.0,
        1.0,
        1.0,
        0.02806775457963363,
        0.008527782776478116,
        0.0006439357352136257,
        0.015618906676532643,
        0.004556673628251376,
        0.00014647100093887912,
        0.02126829853611711,
        0.0015117007628121612,
        0.0004415517896094033
    ],
    "SD": [
        1.5,
        1.5,
        1.5,
        2.25,
        2.25,
        2.25,
        3.0,
        3.0,
        3.0,
        1.5,
        1.5,
        1.5,
        2.25,
        2.25,
        2.25,
        3.0,
        3.0,
        3.0
    ],
    "Samples": [
        1,
        1,
        1,
        1,
        1,
        1,
        1,
        1,
        1,
        1,
        1,
        1,
        1,
        1,
        1,
        1,
        1,
        1
    ],
    "Unknown Vals": [
        2,
        5,
        20,
        2,
        5,
        20,
        2,
        5,
        20,
        2,
        5,
        20,
        2,
        5,
        20,
        2,
        5,
        20
    ]
}