{
    "C": [
        0.52296,
        0.35538,
        0.20172,
        0.52648,
        0.31601,
        0.1799,
        0.52094,
        0.29486,
        0.16739,
        0.49939,
        0.32137,
        0.20106,
        0.49965,
        0.29237,
        0.17819,
        0.50012,
        0.27715,
        0.16895,
        0.58066,
        0.35225,
        0.1896,
        0.5563,
        0.31601,
        0.17017,
        0.54441,
        0.29271,
        0.15986,
        0.5488687531269109,
        0.3576579116983564,
        0.20264202642026422,
        0.5301981011877851,
        0.31889850542933845,
        0.17922,
        0.5242424242424243,
        0.29330237864126246,
        0.16727,
        0.49929327745679075,
        0.32379521110281806,
        0.2011,
        0.49936446589300293,
        0.2929194859270529,
        0.17975,
        0.49778829338545416,
        0.27677410319508633,
        0.16732,
        0.5862681235553687,
        0.3562023840633606,
        0.1891,
        0.5571754911416823,
        0.31278481646552153,
        0.16859,
        0.5431811928708997,
        0.29425834926290295,
        0.15746,
        0.563377820146171,
        0.40411202635914334,
        0.240232103531042,
        0.534138233585843,
        0.32180826571437343,
        0.1783878387838784,
        0.5234940851440579,
        0.29693062735080555,
        0.16845,
        0.5072660831137928,
        0.40877889565597764,
        0.2586296784107123,
        0.49780533383552317,
        0.2971194424859242,
        0.1782506950417025,
        0.49971223328288533,
        0.2771702050808685,
        0.16797,
        0.5940250601814703,
        0.37683076742960836,
        0.21598443271460366,
        0.5589949139411904,
        0.31830609455020303,
        0.16879713536978136,
        0.5439373583004451,
        0.2949572219426271,
        0.15897,
        0.5703143028568791,
        0.44166189868403677,
        0.3679719726507318,
        0.5446030016519631,
        0.36822200916160647,
        0.2045657028474898,
        0.5274055693410532,
        0.30307106731320715,
        0.16730365182591295,
        0.5007435312778824,
        0.5003322259136213
    ],
    "CI": [
        0.04591999999999996,
        0.19422499999962028,
        0.1597052631578114,
        0.052959999999999896,
        0.14501249999959714,
        0.1367368421051775,
        0.04187999999999992,
        0.1185749999995847,
        0.12356842105254463,
        -0.0012199999999999989,
        0.1517124999996003,
        0.15901052631570603,
        -0.0007000000000000339,
        0.11546249999958323,
        0.1349368421051773,
        0.00024000000000001798,
        0.09643749999957425,
        0.12521052631570267,
        0.1613199999999999,
        0.1903124999996185,
        0.14694736842096798,
        0.11260000000000003,
        0.14501249999959714,
        0.1264947368420186,
        0.0888199999999999,
        0.11588749999958345,
        0.11564210526307016,
        0.09773750625382172,
        0.19707238962256968,
        0.16067581728440536,
        0.060396202375570196,
        0.1486231317862725,
        0.13602105263149322,
        0.048484848484848575,
        0.11662797330116208,
        0.12344210526307092,
        -0.0014134450864184966,
        0.15474401387812747,
        0.15905263157886393,
        -0.001271068213994142,
        0.1161493574084,
        0.13657894736833537,
        -0.004423413229091677,
        0.09596762899343206,
        0.1234947368420183,
        0.17253624711073745,
        0.19525298007882333,
        0.14642105263149424,
        0.1143509822833646,
        0.14098102058149772,
        0.12483157894728159,
        0.08636238574179944,
        0.11782293657821331,
        0.11311578947359621,
        0.126755640292342,
        0.255140032948682,
        0.20024431950629815,
        0.068276467171686,
        0.15226033214257595,
        0.13514509345662834,
        0.04698817028811586,
        0.12116328418809504,
        0.12468421052622894,
        0.014532166227585686,
        0.26097361956984483,
        0.21961018780069919,
        -0.004389332328953666,
        0.12139930310699967,
        0.1350007316227589,
        -0.0005755334342293361,
        0.09646275635066116,
        0.12417894736833417,
        0.18805012036294055,
        0.22103845928670168,
        0.1747204554889872,
        0.11798982788238077,
        0.14788261818735982,
        0.12504961617863045,
        0.08787471660089019,
        0.11869652742787108,
        0.11470526315780691,
        0.14062860571375824,
        0.30207737335508433,
        0.3347073396323702,
        0.08920600330392614,
        0.21027751145175072,
        0.16270073983939198,
        0.05481113868210641,
        0.12883883414111477,
        0.1234775282377162,
        0.0014870625557648065,
        0.3754152823921054
    ],
    "CR": [
        1.0,
        1.0,
        1.0,
        1.0,
        1.0,
        1.0,
        1.0,
        1.0,
        1.0,
        1.0,
        1.0,
        1.0,
        1.0,
        1.0,
        1.0,
        1.0,
        1.0,
        1.0,
        1.0,
        1.0,
        1.0,
        1.0,
        1.0,
        1.0,
        1.0,
        1.0,
        1.0,
        0.8994410055899441,
        0.99296,
        0.99999,
        0.97324,
        0.99828,
        1.0,
        0.9735,
        0.99931,
        1.0,
        0.8065238695226096,
        0.99146,
        1.0,
        0.96769,
        0.99908,
        1.0,
        0.9721,
        0.99966,
        1.0,
        0.9518,
        0.99494,
        1.0,
        0.98495,
        0.99845,
        1.0,
        0.981320186798132,
        0.99919,
        1.0,
        0.6293937060629393,
        0.75875,
        0.8082519174808251,
        0.80921,
        0.97729,
        0.9999,
        0.93747,
        0.99434,
        1.0,
        0.3529923503824809,
        0.5943740562594374,
        0.7288727112728872,
        0.6903030969690304,
        0.97863,
        0.99994,
        0.93826,
        0.99668,
        1.0,
        0.81005,
        0.8541414585854141,
        0.8582014179858202,
        0.8906610933890661,
        0.98022,
        0.99978,
        0.95272,
        0.9935,
        1.0,
        0.43330533557315415,
        0.4544154558454415,
        0.35393646063539363,
        0.5689801713880028,
        0.75096,
        0.86427,
        0.7254,
        0.95895,
        0.9995,
        0.2017319307227711,
        0.27088374697518147
    ],
    "PC": [
        "0.52",
        "0.36",
        "0.2",
        "0.53",
        "0.32",
        "0.18",
        "0.52",
        "0.29",
        "0.17",
        "0.5",
        "0.32",
        "0.2",
        "0.5",
        "0.29",
        "0.18",
        "0.5",
        "0.28",
        "0.17",
        "0.58",
        "0.35",
        "0.19",
        "0.56",
        "0.32",
        "0.17",
        "0.54",
        "0.29",
        "0.16",
        "0.55",
        "0.36",
        "0.2",
        "0.53",
        "0.32",
        "0.18",
        "0.52",
        "0.29",
        "0.17",
        "0.5",
        "0.32",
        "0.2",
        "0.5",
        "0.29",
        "0.18",
        "0.5",
        "0.28",
        "0.17",
        "0.59",
        "0.36",
        "0.19",
        "0.56",
        "0.31",
        "0.17",
        "0.54",
        "0.29",
        "0.16",
        "0.56",
        "0.4",
        "0.24",
        "0.53",
        "0.32",
        "0.18",
        "0.52",
        "0.3",
        "0.17",
        "0.51",
        "0.41",
        "0.26",
        "0.5",
        "0.3",
        "0.18",
        "0.5",
        "0.28",
        "0.17",
        "0.59",
        "0.38",
        "0.22",
        "0.56",
        "0.32",
        "0.17",
        "0.54",
        "0.29",
        "0.16",
        "0.57",
        "0.44",
        "0.37",
        "0.54",
        "0.37",
        "0.2",
        "0.53",
        "0.3",
        "0.17",
        "0.5",
        "0.5"
    ],