{
    "CI": [
        0.13896249999959429,
        0.20871249999962718,
        0.27333749999965756,
        0.3353124999996868
    ],
    "CR": [
        1.0,
        1.0,
        1.0,
        1.0
    ],
    "SD": [
        2.25,
        2.25,
        2.25,
        2.25
    ],
    "Samples": [
        2,
        5,
        10,
        20
    ],
    "Unknown Vals": [
        5,
        5,
        5,
        5
    ]
}