{
    "CI": [
        -0.0029200000000000337,
        0.1412624999995954,
        0.08588421052622511,
        -0.0018799999999999928,
        0.09862499999957525,
        0.05158947368411644,
        -0.0010999999999999899,
        0.07113749999956236,
        0.03705263157885184,
        -0.09999999999999998,
        0.36250000000000027,
        0.30526315789473696,
        0.020000000000000018,
        0.21250000000000036,
        0.20000000000000007,
        -0.06000000000000005,
        0.21250000000000036,
        0.10526315789473693
    ],
    "CR": [
        1.0,
        1.0,
        1.0,
        1.0,
        1.0,
        1.0,
        1.0,
        1.0,
        1.0,
        1.9545179757995493e-05,
        2.3078304224668215e-05,
        2.9626320259929484e-05,
        2.810621450887763e-05,
        3.372941788758727e-05,
        6.0394715703954765e-05,
        3.043337738057486e-05,
        4.649914883308061e-05,
        9.803998462733041e-05
    ],
    "SD": [
        1.5,
        1.5,
        1.5,
        2.25,
        2.25,
        2.25,
        3.0,
        3.0,
        3.0,
        1.5,
        1.5,
        1.5,
        2.25,
        2.25,
        2.25,
        3.0,
        3.0,
        3.0
    ],
    "Unknown Vals": [
        2,
        5,
        20,
        2,
        5,
        20,
        2,
        5,
        20,
        2,
        5,
        20,
        2,
        5,
        20,
        2,
        5,
        20
    ]
}