{
    "CI": [
        0.08430000000000004,
        0.24571249999964456,
        0.23817894736834547,
        0.05902000000000007,
        0.22469999999963466,
        0.23449473684202932,
        0.05166000000000004,
        0.19957499999962283,
        0.21356842105255355,
        0.001100000000000101,
        0.20654999999962614,
        0.2542842105262418,
        0.0014600000000000168,
        0.1930374999996198,
        0.257747368420979,
        -0.006059999999999954,
        0.18023749999961372,
        0.2319578947367659,
        0.1583000000000001,
        0.23182499999963807,
        0.20639999999992126,
        0.11329999999999996,
        0.20377499999962484,
        0.2010105263157102,
        0.08464000000000005,
        0.1805999999996139,
        0.18377894736834008,
        0.30000000000000004,
        0.4750000000000002,
        0.5789473684210527,
        0.19999999999999996,
        0.3500000000000003,
        0.4105263157894738,
        0.28,
        0.4875000000000002,
        0.2736842105263159,
        -0.12,
        0.3375000000000003,
        0.4105263157894738,
        -0.09999999999999998,
        0.3875000000000003,
        0.48421052631578954,
        0.1399999999999999,
        0.3875000000000003,
        0.5052631578947369,
        0.24,
        0.5967741935483871,
        0.46315789473684216,
        0.5800000000000001,
        0.5000000000000002,
        0.3473684210526316,
        0.21999999999999997,
        0.4250000000000003,
        0.2736842105263159
    ],
    "CR": [
        1.0,
        1.0,
        1.0,
        1.0,
        1.0,
        1.0,
        1.0,
        1.0,
        1.0,
        1.0,
        1.0,
        1.0,
        1.0,
        1.0,
        1.0,
        1.0,
        1.0,
        1.0,
        1.0,
        1.0,
        1.0,
        1.0,
        1.0,
        1.0,
        1.0,
        1.0,
        1.0,
        5.467564222009352e-05,
        2.2220656900391685e-05,
        6.99999930000007e-06,
        8.750973545806971e-05,
        4.2993721626830834e-05,
        1.5223714772133721e-05,
        2.8865227100060734e-05,
        5.091120881537763e-05,
        2.8256114552548886e-05,
        8.545080426296973e-05,
        7.41517411570341e-05,
        4.602712286296068e-05,
        9.526404334895029e-05,
        8.656959329605069e-05,
        5.956507961468541e-05,
        3.166140032041337e-05,
        2.6481178370067583e-05,
        6.53531980914252e-05,
        4.2627490297983207e-05,
        6.199999380000062e-06,
        1.3080530284697741e-05,
        6.739302873032207e-05,
        1.5441974003127928e-05,
        3.0374216421151875e-05,
        8.718350209153222e-05,
        3.0414716829861898e-05,
        4.8758273059981456e-05
    ],
    "Num Isolated": [
        3,
        3,
        3,
        3,
        3,
        3,
        3,
        3,
        3,
        2,
        2,
        2,
        2,
        2,
        2,
        2,
        2,
        2,
        4,
        4,
        4,
        4,
        4,
        4,
        4,
        4,
        4,
        3,
        3,
        3,
        3,
        3,
        3,
        3,
        3,
        3,
        2,
        2,
        2,
        2,
        2,
        2,
        2,
        2,
        2,
        4,
        4,
        4,
        4,
        4,
        4,
        4,
        4,
        4
    ],
    "SD": [
        1.5,
        1.5,
        1.5,
        2.25,
        2.25,
        2.25,
        3.0,
        3.0,
        3.0,
        1.5,
        1.5,
        1.5,
        2.25,
        2.25,
        2.25,
        3.0,
        3.0,
        3.0,
        1.5,
        1.5,
        1.5,
        2.25,
        2.25,
        2.25,
        3.0,
        3.0,
        3.0,
        1.5,
        1.5,
        1.5,
        2.25,
        2.25,
        2.25,
        3.0,
        3.0,
        3.0,
        1.5,
        1.5,
        1.5,
        2.25,
        2.25,
        2.25,
        3.0,
        3.0,
        3.0,
        1.5,
        1.5,
        1.5,
        2.25,
        2.25,
        2.25,
        3.0,
        3.0,
        3.0
    ],
    "Samples": [
        1,
        1,
        1,
        1,
        1,
        1,
        1,
        1,
        1,
        1,
        1,
        1,
        1,
        1,
        1,
        1,
        1,
        1,
        1,
        1,
        1,
        1,
        1,
        1,
        1,
        1,
        1,
        1,
        1,
        1,
        1,
        1,
        1,
        1,
        1,
        1,
        1,
        1,
        1,
        1,
        1,
        1,
        1,
        1,
        1,
        1,
        1,
        1,
        1,
        1,
        1,
        1,
        1,
        1
    ],
    "Unknown Vals": [
        2,
        5,
        20,
        2,
        5,
        20,
        2,
        5,
        20,
        2,
        5,
        20,
        2,
        5,
        20,
        2,
        5,
        20,
        2,
        5,
        20,
        2,
        5,
        20,
        2,
        5,
        20,
        2,
        5,
        20,
        2,
        5,
        20,
        2,
        5,
        20,
        2,
        5,
        20,
        2,
        5,
        20,
        2,
        5,
        20,
        2,
        5,
        20,
        2,
        5,
        20,
        2,
        5,
        20
    ],
    "highCR": [
        0.54215,
        0.39657,
        0.27627,
        0.52951,
        0.37976,
        0.27277,
        0.52583,
        0.35966,
        0.25289,
        0.50055,
        0.36524,
        0.29157,
        0.50073,
        0.35443,
        0.29486,
        0.49697,
        0.34419,
        0.27036,
        0.57915,
        0.38546,
        0.24608,
        0.55665,
        0.36302,
        0.24096,
        0.54232,
        0.34448,
        0.22459,
        0.65,
        0.58,
        0.6,
        0.6,
        0.48,
        0.44,
        0.64,
        0.59,
        0.31,
        0.44,
        0.47,
        0.44,
        0.45,
        0.51,
        0.51,
        0.57,
        0.51,
        0.53,
        0.62,
        0.6774193548387096,
        0.49,
        0.79,
        0.6,
        0.38,
        0.61,
        0.54,
        0.31
    ]
}