{
    "C": [
        0.52296,
        0.35538,
        0.20172,
        0.52648,
        0.31601,
        0.1799,
        0.52094,
        0.29486,
        0.16739,
        0.49939,
        0.32137
    ],
    "CI": [
        0.04591999999999996,
        0.19422499999962028,
        0.1597052631578114,
        0.052959999999999896,
        0.14501249999959714,
        0.1367368421051775,
        0.04187999999999992,
        0.1185749999995847,
        0.12356842105254463,
        -0.0012199999999999989,
        0.1517124999996003
    ],
    "CR": [
        1.0,
        1.0,
        1.0,
        1.0,
        1.0,
        1.0,
        1.0,
        1.0,
        1.0,
        1.0,
        1.0
    ],
    "PC": [
        "0.52",
        "0.36",
        "0.2",
        "0.53",
        "0.32",
        "0.18",
        "0.52",
        "0.29",
        "0.17",
        "0.5",
        "0.32"
    ],
    "PCI": [
        "0.046",
        "0.19",
        "0.16",
        "0.053",
        "0.15",
        "0.14",
        "0.042",
        "0.12",
        "0.12",
        "-0.0012",
        "0.15"
    ],
    "PCR": [
        "1.0",
        "1.0",
        "1.0",
        "1.0",
        "1.0",
        "1.0",
        "1.0",
        "1.0",
        "1.0",
        "1.0",
        "1.0"
    ],
    "SD": [
        1.5,
        1.5,
        1.5,
        2.25,
        2.25,
        2.25,
        3.0,
        3.0,
        3.0,
        1.5,
        1.5
    ],
    "attackType": [
        "diffAttackLed",
        "diffAttackLed",
        "diffAttackLed",
        "diffAttackLed",
        "diffAttackLed",
        "diffAttackLed",
        "diffAttackLed",
        "diffAttackLed",
        "diffAttackLed",
        "diffAttackLed",
        "diffAttackLed"
    ],
    "claimThresh": [
        0,
        0,
        0,
        0,
        0,
        0,
        0,
        0,
        0,
        0,
        0
    ],
    "numIsolated": [
        3,
        3,
        3,
        3,
        3,
        3,
        3,
        3,
        3,
        2,
        2
    ],
    "numSamples": [
        1,
        1,
        1,
        1,
        1,
        1,
        1,
        1,
        1,
        1,
        1
    ],
    "numUnknownVals": [
        2,
        5,
        20,
        2,
        5,
        20,
        2,
        5,
        20,
        2,
        5
    ],
    "round": [
        0,
        0,
        0,
        0,
        0,
        0,
        0,
        0,
        0,
        0,
        0
    ]
}