{
    "CI": [
        0.03312000000000004,
        0.20044999999962326,
        0.15485263157886353,
        0.022459999999999924,
        0.16203749999960512,
        0.11602105263149125,
        0.01317999999999997,
        0.14312499999959624,
        0.09655789473675247,
        1.0,
        1.0,
        1.0,
        1.0,
        1.0,
        1.0,
        1.0,
        1.0,
        1.0
    ],
    "CR": [
        1.0,
        1.0,
        1.0,
        1.0,
        1.0,
        1.0,
        1.0,
        1.0,
        1.0,
        0.22784772152278476,
        0.1885862282754345,
        0.09968903420623731,
        0.3006869931300687,
        0.26634467310653787,
        0.11240089184838578,
        0.2635062844344009,
        0.2241055178896422,
        0.0773253604783713
    ],
    "SD": [
        1.5,
        1.5,
        1.5,
        2.25,
        2.25,
        2.25,
        3.0,
        3.0,
        3.0,
        1.5,
        1.5,
        1.5,
        2.25,
        2.25,
        2.25,
        3.0,
        3.0,
        3.0
    ],
    "Unknown Vals": [
        2,
        5,
        20,
        2,
        5,
        20,
        2,
        5,
        20,
        2,
        5,
        20,
        2,
        5,
        20,
        2,
        5,
        20
    ]
}