{
    "C": [
        0.3180919193821812,
        0.31023,
        0.39486709440879925,
        0.36685235442555825,
        0.3341536465785307,
        0.4172736732570239,
        0.5040650406504065,
        0.36723,
        0.39225025746652936,
        0.5044796691936595,
        0.43333118099050816,
        0.59,
        0.5038167938931297,
        0.42166,
        0.4585942233892143,
        0.44,
        0.46,
        0.49014770729902246,
        0.46567,
        0.5357142857142857,
        0.49475023862551704,
        0.49602
    ],
    "CI": [
        0.14761489922739104,
        0.13778749999959375,
        0.24358386801097986,
        0.2085654430320246,
        0.16769205822310232,
        0.2715920915712821,
        0.38008130081300845,
        0.2090374999996273,
        0.24031282183300656,
        0.3805995864920786,
        0.291663976238171,
        0.4875000000000002,
        0.3797709923664007,
        0.27707499999965934,
        0.32324277923650147,
        0.3000000000000003,
        0.32500000000000034,
        0.36268463412386914,
        0.3320874999996853,
        0.4196428571428561,
        0.36843779828190226,
        0.3700249999997032
    ],
    "CR": [
        0.84944,
        1.0,
        0.05452927887402787,
        0.2100110990010899,
        0.5241795164096718,
        0.009608846938367397,
        0.0012111067349350139,
        1.0,
        0.62144,
        0.01450448829444811,
        0.15482355293411976,
        0.0005724032924637382,
        0.044536437085033194,
        1.0,
        0.4950603951683865,
        0.000665872059342518,
        0.0001173213196302032,
        0.32429,
        1.0,
        0.003916866506794564,
        0.12571497140114396,
        1.0
    ],
    "PC": [
        "0.32",
        "0.31",
        "0.39",
        "0.37",
        "0.33",
        "0.42",
        "0.5",
        "0.37",
        "0.39",
        "0.5",
        "0.43",
        "0.59",
        "0.5",
        "0.42",
        "0.46",
        "0.44",
        "0.46",
        "0.49",
        "0.47",
        "0.54",
        "0.49",
        "0.5"
    ],
    "PCI": [
        "0.15",
        "0.14",
        "0.24",
        "0.21",
        "0.17",
        "0.27",
        "0.38",
        "0.21",
        "0.24",
        "0.38",
        "0.29",
        "0.49",
        "0.38",
        "0.28",
        "0.32",
        "0.3",
        "0.33",
        "0.36",
        "0.33",
        "0.42",
        "0.37",
        "0.37"
    ],
    "PCR": [
        "0.85",
        "1.0",
        "0.055",
        "0.21",
        "0.52",
        "0.0096",
        "0.0012",
        "1.0",
        "0.62",
        "0.015",
        "0.15",
        "0.00057",
        "0.045",
        "1.0",
        "0.5",
        "0.00067",
        "0.00012",
        "0.32",
        "1.0",
        "0.0039",
        "0.13",
        "1.0"
    ],
    "SD": [
        2.25,
        2.25,
        2.25,
        2.25,
        2.25,
        2.25,
        2.25,
        2.25,
        2.25,
        2.25,
        2.25,
        2.25,
        2.25,
        2.25,
        2.25,
        2.25,
        2.25,
        2.25,
        2.25,
        2.25,
        2.25,
        2.25
    ],
    "attackType": [
        "changeAvgAttack",
        "changeAvgAttack",
        "changeAvgAttack",
        "changeAvgAttack",
        "changeAvgAttack",
        "changeAvgAttack",
        "changeAvgAttack",
        "changeAvgAttack",
        "changeAvgAttack",
        "changeAvgAttack",
        "changeAvgAttack",
        "changeAvgAttack",
        "changeAvgAttack",
        "changeAvgAttack",
        "changeAvgAttack",
        "changeAvgAttack",
        "changeAvgAttack",
        "changeAvgAttack",
        "changeAvgAttack",
        "changeAvgAttack",
        "changeAvgAttack",
        "changeAvgAttack"
    ],
    "claimThresh": [
        1.5,
        0,
        4.5,
        3.5,
        2.5,
        5.5,
        6.5,
        0,
        1.5,
        3.5,
        2.5,
        4.5,
        2.5,
        0,
        1.5,
        3.5,
        7.5,
        1.5,
        0,
        2.5,
        1.5,
        0
    ],
    "numIsolated": [
        0,
        0,
        0,
        0,
        0,
        0,
        0,
        0,
        0,
        0,
        0,
        0,
        0,
        0,
        0,
        0,
        0,
        0,
        0,
        0,
        0,
        0
    ],
    "numSamples": [
        2,
        2,
        2,
        2,
        2,
        2,
        2,
        5,
        5,
        5,
        5,
        5,
        10,
        10,
        10,
        10,
        2,
        20,
        20,
        20,
        50,
        50
    ],
    "numUnknownVals": [
        5,
        5,
        5,
        5,
        5,
        5,
        5,
        5,
        5,
        5,
        5,
        5,
        5,
        5,
        5,
        5,
        5,
        5,
        5,
        5,
        5,
        5
    ],
    "round": [
        1,
        0,
        4,
        3,
        2,
        5,
        6,
        0,
        1,
        3,
        2,
        4,
        2,
        0,
        1,
        3,
        7,
        1,
        0,
        2,
        1,
        0
    ]
}