{
    "CI": [
        0.7428600000000001,
        0.6518624999998359,
        0.5199368421052155,
        0.4512799999999999,
        0.37668749999970624,
        0.25951578947361076,
        0.2378800000000001,
        0.21814999999963164,
        0.14761052631570493,
        0.15914000000000006,
        0.1661624999996071,
        0.11617894736833338,
        0.9883642267622785,
        0.9691398991239702,
        0.9936204146730462,
        0.9583532790809,
        0.9735915492957748,
        0.9739286296235946,
        0.9567047504509922,
        0.9721603563474386,
        0.9789473684210526,
        0.9645569620253165,
        0.9537037037037034,
        0.968421052631579
    ],
    "CR": [
        1.0,
        1.0,
        1.0,
        1.0,
        1.0,
        1.0,
        1.0,
        1.0,
        1.0,
        1.0,
        1.0,
        1.0,
        0.07390778276651701,
        0.07533773986780397,
        0.008249505029698219,
        0.04177749335039897,
        0.012777827769279222,
        0.0032277728367426477,
        0.016629002259864408,
        0.004489147062058209,
        0.0007903388973191705,
        0.007898499285135824,
        0.00512902548515782,
        0.0009993104757717176
    ],
    "SD": [
        0.5,
        0.5,
        0.5,
        1.0,
        1.0,
        1.0,
        2.0,
        2.0,
        2.0,
        3.0,
        3.0,
        3.0,
        0.5,
        0.5,
        0.5,
        1.0,
        1.0,
        1.0,
        2.0,
        2.0,
        2.0,
        3.0,
        3.0,
        3.0
    ],
    "Unknown Vals": [
        2,
        5,
        20,
        2,
        5,
        20,
        2,
        5,
        20,
        2,
        5,
        20,
        2,
        5,
        20,
        2,
        5,
        20,
        2,
        5,
        20,
        2,
        5,
        20
    ]
}
