{
    "CI": [
        0.04161550026710855,
        0.3021647410057878,
        0.6813506904487918,
        0.7930624888082212,
        0.01254481696570021,
        0.1113961628428326,
        0.38164189475197463,
        0.5318712737220644,
        0.0048816930863359465,
        0.04726255515154221,
        0.19740230657261226,
        0.30974059963756806,
        0.0029549652683082375,
        0.02905518965665535,
        0.13052039662607684,
        0.20946235613379452,
        0.9797979797979798,
        1.0,
        0.9826027931064825,
        0.9909848362130281,
        0.7373737373737375,
        0.9777777777777777,
        1.0,
        0.9649859943977832,
        0.060606060606060774,
        0.4333333333333328,
        0.76,
        0.8999999999999982,
        0.01010101010101022,
        0.28888888888888825,
        0.6000000000000001,
        0.6999999999999933
    ],
    "CR": [
        1.0,
        1.0,
        1.0,
        1.0,
        1.0,
        1.0,
        1.0,
        1.0,
        1.0,
        1.0,
        1.0,
        1.0,
        1.0,
        1.0,
        1.0,
        1.0,
        0.0013362907206019244,
        0.0013588206356760907,
        0.159774,
        0.15896184103815897,
        3.3702281455917904e-06,
        3.465864380939357e-06,
        0.00026724500207139714,
        0.006594894481688293,
        1.193782177815079e-05,
        9.87986305270269e-05,
        9.241338013725273e-05,
        9.566509563320727e-05,
        7.60105505242779e-05,
        8.222824181254831e-05,
        7.193349528156641e-05,
        7.389249605638961e-05
    ],
    "SD": [
        0.5,
        0.5,
        0.5,
        0.5,
        1.0,
        1.0,
        1.0,
        1.0,
        2.0,
        2.0,
        2.0,
        2.0,
        3.0,
        3.0,
        3.0,
        3.0,
        0.5,
        0.5,
        0.5,
        0.5,
        1.0,
        1.0,
        1.0,
        1.0,
        2.0,
        2.0,
        2.0,
        2.0,
        3.0,
        3.0,
        3.0,
        3.0
    ],
    "Stat Guess": [
        0.01,
        0.1,
        0.5,
        0.9,
        0.01,
        0.1,
        0.5,
        0.9,
        0.01,
        0.1,
        0.5,
        0.9,
        0.01,
        0.1,
        0.5,
        0.9,
        0.01,
        0.1,
        0.5,
        0.9,
        0.01,
        0.1,
        0.5,
        0.9,
        0.01,
        0.1,
        0.5,
        0.9,
        0.01,
        0.1,
        0.5,
        0.9
    ]
}