{
    "CI": [
        0.011645232585528785,
        0.11034162137767216,
        0.38407354178701425,
        0.5254561978850023,
        0.007327815498893321,
        0.06548728439735911,
        0.26022385836830075,
        0.39368204263172174,
        0.004313651434887741,
        0.04119523209830628,
        0.17501158091465263,
        0.2798657375696932,
        0.0029462613417777627,
        0.02957054225946039,
        0.13145498533959277,
        0.21778982852349538,
        0.6767676767676769,
        0.9333333333333333,
        0.984375,
        0.962904080551163,
        0.19191919191919174,
        0.7111111111111112,
        0.9199999999999999,
        1.0,
        0.07070707070707087,
        0.5111111111111106,
        0.8600000000000001,
        1.0,
        0.04040404040404054,
        0.2888888888888882,
        0.48,
        1.0
    ],
    "CR": [
        1.0,
        1.0,
        1.0,
        1.0,
        1.0,
        1.0,
        1.0,
        1.0,
        1.0,
        1.0,
        1.0,
        1.0,
        1.0,
        1.0,
        1.0,
        1.0,
        3.444338310348613e-06,
        3.400079753278124e-06,
        0.00024462132618706243,
        0.006498811534465501,
        7.729526648468178e-06,
        7.044985379406938e-06,
        6.858360800883977e-06,
        8.407078164623238e-06,
        1.5827134282508305e-06,
        1.7577097643029093e-06,
        1.577749717696382e-06,
        8.724397641686262e-05,
        3.9403623238343895e-06,
        3.8891918393131935e-06,
        3.810881658275688e-06,
        8.028579252657522e-05
    ],
    "SD": [
        1.0,
        1.0,
        1.0,
        1.0,
        1.5,
        1.5,
        1.5,
        1.5,
        2.25,
        2.25,
        2.25,
        2.25,
        3.0,
        3.0,
        3.0,
        3.0,
        1.0,
        1.0,
        1.0,
        1.0,
        1.5,
        1.5,
        1.5,
        1.5,
        2.25,
        2.25,
        2.25,
        2.25,
        3.0,
        3.0,
        3.0,
        3.0
    ],
    "Stat Guess": [
        0.01,
        0.1,
        0.5,
        0.9,
        0.01,
        0.1,
        0.5,
        0.9,
        0.01,
        0.1,
        0.5,
        0.9,
        0.01,
        0.1,
        0.5,
        0.9,
        0.01,
        0.1,
        0.5,
        0.9,
        0.01,
        0.1,
        0.5,
        0.9,
        0.01,
        0.1,
        0.5,
        0.9,
        0.01,
        0.1,
        0.5,
        0.9
    ]
}