{
    "CI": [
        0.300550893542987,
        0.681281116296188,
        0.7935706004515227,
        0.11048473028307365,
        0.38154137013787714,
        0.5285759770033902,
        0.047715653439994746,
        0.19476869303406597,
        0.3061825776018153,
        0.02835303568207929,
        0.13027862363886444,
        0.21391605504106412,
        0.9912510936132983,
        0.9828888275585217,
        0.9900422153969667,
        0.9555555555555556,
        1.0,
        0.9644317979726348,
        0.4666666666666661,
        0.8600000000000001,
        1.0,
        0.21111111111111056,
        0.6000000000000001,
        0.6999999999999933
    ],
    "CR": [
        1.0,
        1.0,
        1.0,
        1.0,
        1.0,
        1.0,
        1.0,
        1.0,
        1.0,
        1.0,
        1.0,
        1.0,
        0.0012849229046257224,
        0.15948649129719147,
        0.15954252137243588,
        3.3193712490788953e-06,
        0.0002203508464064865,
        0.006455857971124635,
        9.944507885906749e-05,
        9.741911137362997e-05,
        9.687285542670838e-06,
        7.609989832962989e-05,
        8.092913926404495e-05,
        6.778104093469043e-05
    ],
    "SD": [
        0.5,
        0.5,
        0.5,
        1.0,
        1.0,
        1.0,
        2.0,
        2.0,
        2.0,
        3.0,
        3.0,
        3.0,
        0.5,
        0.5,
        0.5,
        1.0,
        1.0,
        1.0,
        2.0,
        2.0,
        2.0,
        3.0,
        3.0,
        3.0
    ],
    "Stat Guess": [
        0.1,
        0.5,
        0.9,
        0.1,
        0.5,
        0.9,
        0.1,
        0.5,
        0.9,
        0.1,
        0.5,
        0.9,
        0.1,
        0.5,
        0.9,
        0.1,
        0.5,
        0.9,
        0.1,
        0.5,
        0.9,
        0.1,
        0.5,
        0.9
    ]
}