{
    "CI": [
        0.02096945318206491,
        0.17624203109407724,
        0.5150860889291644,
        0.6553019810912721,
        0.009735402449161802,
        0.08956318270712792,
        0.3293054251774399,
        0.4655974971534817,
        0.006107348560759322,
        0.057867963199319805,
        0.23655128163839634,
        0.36372364424620746,
        1.0,
        1.0,
        1.0,
        1.0,
        1.0,
        1.0,
        1.0,
        1.0,
        1.0,
        1.0,
        1.0,
        1.0
    ],
    "CR": [
        1.0,
        1.0,
        1.0,
        1.0,
        1.0,
        1.0,
        1.0,
        1.0,
        1.0,
        1.0,
        1.0,
        1.0,
        0.000249,
        0.002248,
        0.011263,
        0.020335,
        1.2716330209524429e-05,
        0.000127,
        0.000693,
        0.001205,
        3.241113750919034e-07,
        3.254223485815507e-06,
        1.6433294709613e-05,
        2.6102048044995755e-05
    ],
    "LMG": [
        2,
        2,
        2,
        2,
        3,
        3,
        3,
        3,
        4,
        4,
        4,
        4,
        2,
        2,
        2,
        2,
        3,
        3,
        3,
        3,
        4,
        4,
        4,
        4
    ],
    "SDsp": [
        1.0,
        1.0,
        1.0,
        1.0,
        1.5,
        1.5,
        1.5,
        1.5,
        2.0,
        2.0,
        2.0,
        2.0,
        1.0,
        1.0,
        1.0,
        1.0,
        1.5,
        1.5,
        1.5,
        1.5,
        2.0,
        2.0,
        2.0,
        2.0
    ],
    "Stat Guess": [
        0.01,
        0.1,
        0.5,
        0.9,
        0.01,
        0.1,
        0.5,
        0.9,
        0.01,
        0.1,
        0.5,
        0.9,
        0.01,
        0.1,
        0.5,
        0.9,
        0.01,
        0.1,
        0.5,
        0.9,
        0.01,
        0.1,
        0.5,
        0.9
    ]
}