{
    "CI": [
        "0.18",
        "0.52",
        "0.66",
        "0.089",
        "0.33",
        "0.47",
        "0.058",
        "0.24",
        "0.36",
        "1.0",
        "1.0",
        "1.0",
        "1.0",
        "1.0",
        "1.0",
        "1.0",
        "1.0",
        "1.0"
    ],
    "CR": [
        "1.0",
        "1.0",
        "1.0",
        "1.0",
        "1.0",
        "1.0",
        "1.0",
        "1.0",
        "1.0",
        "0.0023",
        "0.011",
        "0.02",
        "0.00014",
        "0.00063",
        "0.0012",
        "3.1e-06",
        "1.6e-05",
        "2.3e-05"
    ],
    "LMG": [
        2,
        2,
        2,
        3,
        3,
        3,
        4,
        4,
        4,
        2,
        2,
        2,
        3,
        3,
        3,
        4,
        4,
        4
    ],
    "SDsp": [
        1.0,
        1.0,
        1.0,
        1.5,
        1.5,
        1.5,
        2.0,
        2.0,
        2.0,
        1.0,
        1.0,
        1.0,
        1.5,
        1.5,
        1.5,
        2.0,
        2.0,
        2.0
    ],
    "Stat Guess": [
        0.1,
        0.5,
        0.9,
        0.1,
        0.5,
        0.9,
        0.1,
        0.5,
        0.9,
        0.1,
        0.5,
        0.9,
        0.1,
        0.5,
        0.9,
        0.1,
        0.5,
        0.9
    ]
}