{
    "CI": [
        0.021568854637788584,
        0.17684768099155843,
        0.5189913422939123,
        0.6591408805184344,
        0.009904638552555552,
        0.090037034494775,
        0.3291568545107566,
        0.464613398609493,
        0.006219080848659698,
        0.05835076632129048,
        0.2367847061842443,
        0.356449623443329,
        1.0,
        1.0,
        1.0,
        1.0,
        1.0,
        1.0,
        1.0,
        1.0,
        1.0,
        1.0,
        1.0,
        1.0
    ],
    "CR": [
        1.0,
        1.0,
        1.0,
        1.0,
        1.0,
        1.0,
        1.0,
        1.0,
        1.0,
        1.0,
        1.0,
        1.0,
        0.000225,
        0.002218,
        0.011253,
        0.020358,
        1.2560634894875651e-05,
        0.000132,
        0.000687,
        0.001196,
        3.4701239900633554e-07,
        4.216705787154607e-06,
        1.5862028271210227e-05,
        2.695061111858242e-05
    ],
    "LMG": [
        2,
        2,
        2,
        2,
        3,
        3,
        3,
        3,
        4,
        4,
        4,
        4,
        2,
        2,
        2,
        2,
        3,
        3,
        3,
        3,
        4,
        4,
        4,
        4
    ],
    "SDsp": [
        1.0,
        1.0,
        1.0,
        1.0,
        1.5,
        1.5,
        1.5,
        1.5,
        2.0,
        2.0,
        2.0,
        2.0,
        1.0,
        1.0,
        1.0,
        1.0,
        1.5,
        1.5,
        1.5,
        1.5,
        2.0,
        2.0,
        2.0,
        2.0
    ],
    "Stat Guess": [
        0.01,
        0.1,
        0.5,
        0.9,
        0.01,
        0.1,
        0.5,
        0.9,
        0.01,
        0.1,
        0.5,
        0.9,
        0.01,
        0.1,
        0.5,
        0.9,
        0.01,
        0.1,
        0.5,
        0.9,
        0.01,
        0.1,
        0.5,
        0.9
    ]
}