{
    "CI": [
        0.1773631351931799,
        0.5186426096018224,
        0.6571707186625606,
        0.0896842847231269,
        0.3296370753292064,
        0.46781792932833716,
        0.05873340315984406,
        0.2396341267507125,
        0.35712565091623816,
        1.0,
        1.0,
        1.0,
        1.0,
        1.0,
        1.0,
        1.0,
        1.0,
        1.0
    ],
    "CR": [
        1.0,
        1.0,
        1.0,
        1.0,
        1.0,
        1.0,
        1.0,
        1.0,
        1.0,
        0.002232,
        0.011239,
        0.020534,
        0.000121,
        0.000656,
        0.00124,
        2.9804068648784263e-06,
        1.537663845771086e-05,
        3.491284880118005e-05
    ],
    "LMG": [
        2,
        2,
        2,
        3,
        3,
        3,
        4,
        4,
        4,
        2,
        2,
        2,
        3,
        3,
        3,
        4,
        4,
        4
    ],
    "SDsp": [
        1.0,
        1.0,
        1.0,
        1.5,
        1.5,
        1.5,
        2.0,
        2.0,
        2.0,
        1.0,
        1.0,
        1.0,
        1.5,
        1.5,
        1.5,
        2.0,
        2.0,
        2.0
    ],
    "Stat Guess": [
        0.1,
        0.5,
        0.9,
        0.1,
        0.5,
        0.9,
        0.1,
        0.5,
        0.9,
        0.1,
        0.5,
        0.9,
        0.1,
        0.5,
        0.9,
        0.1,
        0.5,
        0.9
    ]
}